{
    "trips": {
        "a": {
            "marker": 130000.0
        },
        "b": {
            "marker": 134691.0,
            "fuel": 40.17855999999703
        }
    },
    "vehicle": {
        "last_odometer": 0.0,
        "last_revision_odo": 125000.0
    },
    "settings": {
        "last_fuel_price": 2.09
    },
    "services": {
        "Can": {
            "params": {
                "modem_port": "/dev/cu.usbmodem207B3949534B1"
            }
        },
        "Dynamics": {
            "params": {
                "min_speed": 5.38671875,
                "slip_margin": 10.274839264354068,
                "lock_margin": 14.968880831339714
            }
        },
        "EngineSound": {
            "enabled": true,
            "params": {
                "max_vol": 100.0,
                "idle_vol": 29.739209529505583,
                "bass_boost": 21.889329146730464,
                "tone": 8000.0,
                "wg_active": false,
                "turbo_vol": 12.618994218500799,
                "sound_model": "v8-1",
                "turbo_on": true,
                "wind_vol": 7.983826754385964,
                "rasp_vol": 45.214687998405104,
                "cabin_freq": 2417.221765350877,
                "master_gain": 3.705716706539075,
                "rasp_freq": 138.50802432216906,
                "turbo_charge": 0.4093631628787878,
                "turbo_decay_slow": 1.1372738486842104,
                "turbo_decay_wg": 0.06372277462121212
            }
        },
        "PowerManager": {
            "params": {
                "shutdown_delay": 5.310255028735632
            },
            "enabled": true
        }
    }
}