{
    "trips": {
        "a": {
            "marker": 130000.0
        },
        "b": {
            "marker": 134691.0,
            "fuel": 32.96599999999966
        }
    },
    "vehicle": {
        "last_odometer": 135564.0,
        "last_revision_odo": 125000.0
    },
    "settings": {
        "last_fuel_price": 2.09
    },
    "services": {
        "Can": {
            "params": {
                "modem_port": "/dev/cu.usbmodem207B3949534B1"
            }
        },
        "Dynamics": {
            "params": {
                "min_speed": 5.38671875
            }
        },
        "EngineSound": {
            "enabled": false,
            "params": {
                "max_vol": 100.0,
                "idle_vol": 46.90493295019157,
                "bass_boost": 82.65535201149426,
                "tone": 3845.6507423371645
            }
        }
    }
}