{
    "trips": {
        "a": {
            "marker": 130000.0
        },
        "b": {
            "marker": 134691.0,
            "fuel": 37.00135999999915
        }
    },
    "vehicle": {
        "last_odometer": 0.0,
        "last_revision_odo": 125000.0
    },
    "settings": {
        "last_fuel_price": 2.09
    },
    "services": {
        "Can": {
            "params": {
                "modem_port": "/dev/cu.usbmodem207B3949534B1"
            }
        },
        "Dynamics": {
            "params": {
                "min_speed": 5.38671875,
                "slip_margin": 10.274839264354068,
                "lock_margin": 14.968880831339714
            }
        },
        "EngineSound": {
            "enabled": true,
            "params": {
                "max_vol": 100.0,
                "idle_vol": 78.33370713716108,
                "bass_boost": 80.2774870414673,
                "tone": 8000.0,
                "wg_active": false,
                "turbo_vol": 2.7505731658692185,
                "sound_model": "v8-2",
                "turbo_on": true,
                "wind_vol": 0.0,
                "rasp_vol": 76.76373106060606,
                "cabin_freq": 2308.073539673046,
                "master_gain": 4.043635366826156
            }
        }
    }
}