{
    "trips": {
        "a": {
            "marker": 130000.0
        },
        "b": {
            "marker": 134691.0,
            "fuel": 33.092639999999506
        }
    },
    "vehicle": {
        "last_odometer": 135566.0,
        "last_revision_odo": 125000.0
    },
    "settings": {
        "last_fuel_price": 2.09
    },
    "services": {
        "Can": {
            "params": {
                "modem_port": "/dev/cu.usbmodem207B3949534B1"
            }
        },
        "Dynamics": {
            "params": {
                "min_speed": 5.38671875
            }
        },
        "EngineSound": {
            "enabled": true,
            "params": {
                "max_vol": 100.0,
                "idle_vol": 42.073006465517246,
                "bass_boost": 45.555705220306514,
                "tone": 3622.0141882183907,
                "wg_active": false,
                "turbo_vol": 1.3125598659003832,
                "sound_model": "standard"
            }
        }
    }
}