{
    "trips": {
        "a": {
            "marker": 130000.0
        },
        "b": {
            "marker": 134691.0,
            "fuel": 39.00687999999764
        }
    },
    "vehicle": {
        "last_odometer": 135703.0,
        "last_revision_odo": 125000.0
    },
    "settings": {
        "last_fuel_price": 2.09
    },
    "services": {
        "Can": {
            "params": {
                "modem_port": "/dev/cu.usbmodem207B3949534B1"
            }
        },
        "Dynamics": {
            "params": {
                "min_speed": 5.38671875,
                "slip_margin": 10.274839264354068,
                "lock_margin": 14.968880831339714
            }
        },
        "EngineSound": {
            "enabled": false,
            "params": {
                "max_vol": 11.049018141945774,
                "idle_vol": 79.30559708931419,
                "bass_boost": 21.889329146730464,
                "tone": 8000.0,
                "wg_active": false,
                "turbo_vol": 12.618994218500799,
                "sound_model": "v8-1",
                "turbo_on": true,
                "wind_vol": 7.983826754385964,
                "rasp_vol": 53.66265450558214,
                "cabin_freq": 1766.7283442982457,
                "master_gain": 1.4150468500797448,
                "rasp_freq": 100.0,
                "turbo_charge": 0.4093631628787878,
                "turbo_decay_slow": 1.1372738486842104,
                "turbo_decay_wg": 0.06372277462121212
            }
        }
    }
}