{
    "trips": {
        "a": {
            "marker": 130000.0
        },
        "b": {
            "marker": 134691.0,
            "fuel": 27.90130806040766
        }
    },
    "vehicle": {
        "last_odometer": 0.2357121903074869,
        "last_revision_odo": 125000.0
    },
    "settings": {
        "last_fuel_price": 2.09
    },
    "services": {
        "Can": {
            "enabled": true,
            "params": {
                "baudrate": 500000,
                "modem_port": "/dev/cu.debug-console"
            }
        },
        "Diag": {
            "enabled": true
        },
        "EngineSound": {
            "params": {
                "max_vol": 100.0,
                "idle_vol": 31.719947318007662,
                "bass_boost": 49.549509099616856,
                "tone": 8000.0,
                "pitch_factor": 49.51629784688995,
                "sound_model": "v8-2",
                "turbo_discharge": 0.1961825284090909,
                "wg_vol": 19.890724681020732,
                "turbo_charge": 0.26549928160919545,
                "turbo_on": true,
                "turbo_vol": 7.283435105363985,
                "wg_active": false,
                "turbo_decay_wg": 0.01,
                "wind_vol": 4.256465517241379,
                "wg_duration": 1.249283542663477,
                "master_gain": 4.58575790229885,
                "rasp_vol": 91.07549090038314,
                "cabin_freq": 6581.814236111111,
                "rasp_freq": 251.75257423371647,
                "turbo_decay_slow": 1.1588833512931036
            },
            "enabled": true
        },
        "Noise": {
            "params": {
                "calib_offset": 85.88563368055554,
                "fft_threshold": 40.80381944444444,
                "fft_rate": 0.24216471354166663
            },
            "enabled": true
        },
        "Dynamics": {
            "params": {
                "min_speed": 5.500217013888889
            }
        },
        "Leds": {
            "enabled": true
        }
    }
}