{
    "trips": {
        "a": {
            "marker": 130000.0
        },
        "b": {
            "marker": 134691.0,
            "fuel": 36.52743999999954
        }
    },
    "vehicle": {
        "last_odometer": 135638.0,
        "last_revision_odo": 125000.0
    },
    "settings": {
        "last_fuel_price": 2.09
    },
    "services": {
        "Can": {
            "params": {
                "modem_port": "/dev/cu.usbmodem207B3949534B1"
            }
        },
        "Dynamics": {
            "params": {
                "min_speed": 5.38671875,
                "slip_margin": 10.274839264354068,
                "lock_margin": 14.968880831339714
            }
        },
        "EngineSound": {
            "enabled": true,
            "params": {
                "max_vol": 100.0,
                "idle_vol": 54.9335875199362,
                "bass_boost": 4.021506180223286,
                "tone": 8000.0,
                "wg_active": false,
                "turbo_vol": 2.7505731658692185,
                "sound_model": "v8-2",
                "turbo_on": true,
                "wind_vol": 0.0,
                "rasp_vol": 100.0,
                "cabin_freq": 6839.323539673046,
                "master_gain": 4.64471192185008
            }
        }
    }
}