{
    "trips": {
        "a": {
            "marker": 130000.0
        },
        "b": {
            "marker": 134691.0,
            "fuel": 27.854775345802324
        }
    },
    "vehicle": {
        "last_odometer": 0.6292644081682859,
        "last_revision_odo": 125000.0
    },
    "settings": {
        "last_fuel_price": 2.09
    },
    "services": {
        "Can": {
            "enabled": true,
            "params": {
                "baudrate": 500000,
                "modem_port": "/dev/cu.debug-console"
            }
        },
        "Diag": {
            "enabled": true
        },
        "EngineSound": {
            "params": {
                "max_vol": 100.0,
                "idle_vol": 29.169659961685824,
                "bass_boost": 15.243354885057473,
                "tone": 8000.0,
                "pitch_factor": 49.51629784688995,
                "sound_model": "v8-2",
                "turbo_discharge": 0.1961825284090909,
                "wg_vol": 19.890724681020732,
                "turbo_charge": 0.37721354166666665,
                "turbo_on": true,
                "turbo_vol": 9.73494372605364,
                "wg_active": false,
                "turbo_decay_wg": 0.01,
                "wind_vol": 8.38870929118774,
                "wg_duration": 1.249283542663477
            },
            "enabled": true
        },
        "Noise": {
            "params": {
                "calib_offset": 85.88563368055554,
                "fft_threshold": 40.80381944444444,
                "fft_rate": 0.24216471354166663
            },
            "enabled": true
        },
        "Dynamics": {
            "params": {
                "min_speed": 5.500217013888889
            }
        },
        "Leds": {
            "enabled": true
        }
    }
}